,name,year,fuel_type,automaker,miles_driven,price
0,Hyundai Santro Xing,2007,Petrol,Hyundai,27962,952
1,Mahindra Jeep CL550,2006,Diesel,Mahindra,25,5059
2,Maruti Suzuki Alto,2018,Petrol,Maruti,13670,0
3,Hyundai Grand i10,2014,Petrol,Hyundai,17398,3869
4,Ford EcoSport Titanium,2014,Diesel,Ford,22369,6845
5,Ford EcoSport Titanium,2015,Diesel,Ford,36661,0
6,Ford Figo,2012,Diesel,Ford,25476,2083
7,Hyundai Eon,2013,Petrol,Hyundai,15534,2261
8,Ford EcoSport Ambiente,2016,Diesel,Ford,15242,9880
9,Maruti Suzuki Alto,2015,Petrol,Maruti,37282,2976
10,Skoda Fabia Classic,2010,Petrol,Skoda,37282,2166
11,Maruti Suzuki Stingray,2015,Petrol,Maruti,18641,3750
12,Hyundai Elite i20,2014,Petrol,Hyundai,19884,4940
13,Mahindra Scorpio SLE,2015,Diesel,Mahindra,30236,3809
14,Hyundai Santro Xing,2007,Petrol,Hyundai,27962,952
15,Mahindra Jeep CL550,2006,Diesel,Mahindra,25,5059
16,Audi A8,2017,Petrol,Audi,2485,11904
17,Audi Q7,2014,Diesel,Audi,10522,5952
18,Mahindra Scorpio S10,2016,Diesel,Mahindra,26719,4166
19,Maruti Suzuki Alto,2014,Petrol,Maruti,22090,1904
20,Mahindra Scorpio S10,2016,Diesel,Mahindra,26719,4166
21,Mahindra Scorpio S10,2016,Diesel,Mahindra,24558,3690
22,Maruti Suzuki Alto,2015,Petrol,Maruti,24233,892
23,Hyundai i20 Sportz,2012,Petrol,Hyundai,34175,1190
24,Hyundai i20 Sportz,2012,Petrol,Hyundai,34175,1190
25,Hyundai i20 Sportz,2012,Petrol,Hyundai,34175,1190
26,Maruti Suzuki Alto,2017,Petrol,Maruti,44739,2261
27,Maruti Suzuki Vitara,2016,Diesel,Maruti,9926,3452
28,Maruti Suzuki Alto,2008,Petrol,Maruti,43496,1130
29,Mahindra Bolero DI,2017,Diesel,Mahindra,14572,2142
30,Maruti Suzuki Swift,2014,Diesel,Maruti,22072,4583
31,Mahindra Scorpio S10,2015,Diesel,Mahindra,30141,2976
32,Maruti Suzuki Swift,2017,Petrol,Maruti,9623,2142
33,Maruti Suzuki Wagon,2013,Petrol,Maruti,24233,1250
34,Maruti Suzuki Wagon,2013,Petrol,Maruti,24233,1250
35,Toyota Innova 2.0,2012,Diesel,Toyota,50952,7738
36,Renault Lodgy 85,2018,Diesel,Renault,12427,8214
37,Skoda Yeti Ambition,2012,Diesel,Skoda,42253,5333
38,Maruti Suzuki Baleno,2017,Diesel,Maruti,19884,6535
39,Renault Duster 110,2012,Diesel,Renault,23612,5964
40,Renault Duster 85,2013,Diesel,Renault,16777,5833
41,Honda City 1.5,2011,Petrol,Honda,20505,3333
42,Maruti Suzuki Alto,2015,Petrol,Maruti,37282,2976
43,Maruti Suzuki Dzire,2013,Diesel,Maruti,28583,4166
44,Honda Amaze,2013,Diesel,Honda,28583,3392
45,Honda Amaze 1.5,2015,Diesel,Honda,22369,4107
46,Honda City,2015,Petrol,Honda,34175,5952
47,Datsun Redi GO,2017,Petrol,Datsun,9942,2797
48,Maruti Suzuki SX4,2010,Petrol,Maruti,22369,2976
49,Mitsubishi Pajero Sport,2015,Diesel,Mitsubishi,29204,17559
50,Mahindra Bolero DI,2017,Diesel,Mahindra,14572,2142
51,Maruti Suzuki Swift,2014,Diesel,Maruti,22072,4583
52,Mahindra Scorpio S10,2015,Diesel,Mahindra,30141,2976
53,Maruti Suzuki Swift,2017,Petrol,Maruti,9623,2142
54,Maruti Suzuki Wagon,2013,Petrol,Maruti,24233,1250
55,Maruti Suzuki Wagon,2013,Petrol,Maruti,24233,1250
56,Mahindra Scorpio S10,2015,Diesel,Mahindra,21748,4702
57,Maruti Suzuki Swift,2017,Petrol,Maruti,19184,2619
58,Honda City ZX,2017,Diesel,Honda,9321,2023
59,Maruti Suzuki Wagon,2013,Petrol,Maruti,18445,1011
60,Ford Figo,2012,Diesel,Ford,25476,2083
61,Hyundai Eon,2013,Petrol,Hyundai,15534,2261
62,Tata Indigo eCS,2017,Diesel,Tata,80778,2380
63,Ford EcoSport Ambiente,2016,Diesel,Ford,15242,9880
64,Tata Indigo eCS,2017,Diesel,Tata,80778,2380
65,Mahindra Scorpio SLE,2012,Diesel,Mahindra,11806,6785
66,Volkswagen Polo Highline,2014,Petrol,Volkswagen,37282,3750
67,Skoda Fabia Classic,2010,Petrol,Skoda,37282,2166
68,Maruti Suzuki Stingray,2015,Petrol,Maruti,18641,3750
70,Chevrolet Spark LS,2010,Petrol,Chevrolet,25476,1309
71,Renault Duster 110PS,2012,Diesel,Renault,21748,5964
72,Honda City,2015,Petrol,Honda,33554,5345
73,Mini Cooper S,2013,Petrol,Mini,8078,22513
74,Datsun Redi GO,2017,Petrol,Datsun,9942,2797
75,Skoda Fabia 1.2L,2011,Diesel,Skoda,23736,1898
76,Honda Amaze,2015,Petrol,Honda,13670,4107
77,Honda Amaze,2015,Petrol,Honda,13670,4107
78,Renault Duster,2014,Diesel,Renault,31069,5357
79,Mini Cooper S,2013,Petrol,Mini,8389,22513
80,Mahindra Scorpio S4,2015,Diesel,Mahindra,18641,10297
81,Mahindra Scorpio VLX,2014,Diesel,Mahindra,31069,8321
82,Mahindra Quanto C8,2013,Diesel,Mahindra,12427,4464
83,Ford EcoSport,2017,Petrol,Ford,24233,5833
84,Honda Brio,2012,Petrol,Honda,18641,2678
86,Volkswagen Vento Highline,2019,Diesel,Volkswagen,2237,14285
87,Hyundai i20 Magna,2009,Petrol,Hyundai,19884,2321
88,Toyota Corolla Altis,2010,Diesel,Toyota,23612,4178
89,Hyundai Verna Transform,2008,Petrol,Hyundai,27962,1904
90,Toyota Corolla Altis,2009,Petrol,Toyota,21748,2857
91,Honda City 1.5,2005,Petrol,Honda,31069,1071
92,Hyundai Elite i20,2014,Petrol,Hyundai,19884,4940
93,Skoda Fabia 1.2L,2011,Diesel,Skoda,28498,1845
94,BMW 3 Series,2011,Petrol,BMW,37593,7142
95,Maruti Suzuki A,2011,Petrol,Maruti,7767,2255
96,Toyota Etios GD,2013,Diesel,Toyota,37282,4166
97,Ford Figo Diesel,2012,Diesel,Ford,21748,2500
98,Maruti Suzuki Swift,2014,Petrol,Maruti,21748,4642
99,Chevrolet Beat LT,2012,Diesel,Chevrolet,27962,1607
100,BMW 7 Series,2009,Petrol,BMW,21748,19047
101,Mahindra XUV500 W8,2013,Diesel,Mahindra,23612,8345
102,Hyundai i10 Magna,2014,Petrol,Hyundai,11185,3154
103,Hyundai Verna Fluidic,2015,Diesel,Hyundai,21748,6250
104,Maruti Suzuki Swift,2013,Petrol,Maruti,8295,4428
105,Maruti Suzuki Ertiga,2016,Petrol,Maruti,18020,7559
106,Ford EcoSport Titanium,2014,Diesel,Ford,27340,6547
107,Maruti Suzuki Ertiga,2016,Petrol,Maruti,18020,6845
108,Maruti Suzuki Ertiga,2013,Diesel,Maruti,26098,5773
109,Maruti Suzuki Alto,2012,Petrol,Maruti,8699,1845
110,Hyundai Grand i10,2014,Diesel,Hyundai,30447,4107
111,Honda Amaze 1.2,2014,Petrol,Honda,26098,3869
112,Hyundai i20 Asta,2012,Diesel,Hyundai,22494,3922
113,Ford Figo Diesel,2014,Diesel,Ford,31069,2321
114,Maruti Suzuki Eeco,2015,Petrol,Maruti,34175,2989
115,Maruti Suzuki Ertiga,2014,Petrol,Maruti,27962,6785
116,Maruti Suzuki Esteem,2007,Petrol,Maruti,31690,833
117,Maruti Suzuki Ritz,2014,Petrol,Maruti,11806,3571
118,Maruti Suzuki Dzire,2009,Petrol,Maruti,28583,2619
119,Maruti Suzuki Ritz,2013,Diesel,Maruti,20505,4761
120,Maruti Suzuki Swift,2013,Petrol,Maruti,8295,4428
121,Maruti Suzuki Dzire,2015,Diesel,Maruti,64623,5357
122,Toyota Etios Liva,2014,Petrol,Toyota,34175,3214
123,Hyundai i20 Sportz,2011,Diesel,Hyundai,20712,4166
124,Chevrolet Spark,2012,Petrol,Chevrolet,20878,1885
125,Maruti Suzuki Alto,2017,Petrol,Maruti,3480,4166
126,Nissan Micra XV,2011,Petrol,Nissan,25476,2130
127,Maruti Suzuki Swift,2007,Petrol,Maruti,43496,1488
128,Maruti Suzuki Alto,2018,Petrol,Maruti,4660,2380
129,Honda Amaze 1.5,2013,Diesel,Honda,27962,3559
130,Maruti Suzuki Alto,2015,Petrol,Maruti,23612,2619
131,Chevrolet Beat,2015,Petrol,Chevrolet,18641,1785
132,Toyota Corolla,2009,,Toyota,16156,3273
133,Honda City 1.5,2010,Petrol,Honda,21748,3392
134,Ford EcoSport Trend,2016,Diesel,Ford,15118,9880
135,Hyundai i20 Asta,2009,Petrol,Hyundai,40687,2500
136,Maruti Suzuki Swift,2013,Petrol,Maruti,25476,4047
137,Tata Indica V2,2006,Petrol,Tata,12427,1071
138,Maruti Suzuki Alto,2018,Petrol,Maruti,17416,0
139,Hindustan Motors Ambassador,2000,Diesel,Hindustan,124274,833
140,Toyota Corolla Altis,2010,Petrol,Toyota,43496,3452
141,Toyota Corolla Altis,2012,Petrol,Toyota,36661,4166
142,Toyota Innova 2.5,2012,Diesel,Toyota,61516,10119
143,Volkswagen Jetta Highline,2014,Diesel,Volkswagen,28583,8928
144,Volkswagen Polo Comfortline,2015,Petrol,Volkswagen,1740,4761
145,Volkswagen Polo,2014,Petrol,Volkswagen,19884,3273
146,Mahindra Scorpio,2015,Diesel,Mahindra,13670,11726
147,Renault Duster,2014,Diesel,Renault,31069,5357
148,Honda Amaze,2015,Petrol,Honda,13670,4107
149,Nissan Sunny,2012,Petrol,Nissan,27962,2678
150,Hyundai Elite i20,2018,Petrol,Hyundai,13049,7142
151,Renault Kwid,2016,Petrol,Renault,6835,2916
152,Renault Duster,2013,Diesel,Renault,25476,4761
153,Ford EcoSport,2017,Petrol,Ford,24233,5833
154,Renault Duster,2014,Diesel,Renault,31069,5654
155,Mahindra Scorpio VLX,2011,Diesel,Mahindra,41010,5952
156,Maruti Suzuki Alto,2018,Petrol,Maruti,1864,3690
157,Chevrolet Spark LT,2010,Petrol,Chevrolet,27962,1011
158,Datsun Redi GO,2016,Petrol,Datsun,4350,2916
159,Maruti Suzuki Swift,2010,Diesel,Maruti,23923,2255
160,Fiat Punto Emotion,2012,Diesel,Fiat,23115,2017
161,Maruti Suzuki Swift,2010,Diesel,Maruti,26843,1898
162,Toyota Etios GD,2013,Petrol,Toyota,15410,3273
163,Hyundai i20 Sportz,2014,Diesel,Hyundai,37282,4404
164,Hyundai i10 Sportz,2010,Petrol,Hyundai,28504,2000
165,Chevrolet Beat LT,2011,Diesel,Chevrolet,24855,1785
166,Chevrolet Beat LS,2011,Diesel,Chevrolet,27962,1726
167,Chevrolet Beat LT,2012,Diesel,Chevrolet,23612,1172
168,Mahindra Scorpio VLX,2014,Diesel,Mahindra,31069,8321
169,Tata Indigo CS,2011,Diesel,Tata,7084,1011
170,Toyota Corolla Altis,2015,Petrol,Toyota,26098,6845
171,Honda City 1.5,2014,Petrol,Honda,24233,6535
172,Maruti Suzuki Swift,2011,Diesel,Maruti,29204,2488
173,Hyundai Eon Era,2013,Petrol,Hyundai,16777,2202
174,Mahindra Scorpio S10,2015,Diesel,Mahindra,60397,10714
175,Mahindra XUV500,2014,Diesel,Mahindra,32311,8333
176,Honda Brio,2012,Petrol,Honda,18641,2678
177,Ford Fiesta,2011,Diesel,Ford,34175,3273
178,Honda Amaze,2013,Diesel,Honda,28583,3392
179,Honda City,2015,Diesel,Honda,18641,7142
180,Maruti Suzuki Wagon,2012,Petrol,Maruti,27340,2380
181,Honda City,2014,Diesel,Honda,27962,6488
182,Hyundai i20,2009,Petrol,Hyundai,19263,2369
183,Tata Indigo eCS,2016,Diesel,Tata,109007,3809
184,Hyundai Fluidic Verna,2015,Diesel,Hyundai,23612,6428
186,Mahindra Quanto C8,2013,Diesel,Mahindra,22991,4047
187,Fiat Petra ELX,2008,Petrol,Fiat,40389,892
188,Skoda Fabia 1.2L,2011,Diesel,Skoda,23736,1898
189,Mini Cooper S,2013,Petrol,Mini,8078,22513
190,Hyundai Santro Xing,2005,Petrol,Hyundai,4660,583
191,Maruti Suzuki Ciaz,2016,Petrol,Maruti,2082,8333
192,Maruti Suzuki Zen,2000,Petrol,Maruti,37282,654
193,Honda City,2015,Petrol,Honda,33554,5345
194,Hyundai Creta 1.6,2017,Petrol,Hyundai,19884,10654
196,Mahindra Scorpio SLX,2007,Diesel,Mahindra,46603,4226
197,Mahindra Scorpio SLE,2012,Diesel,Mahindra,38525,6726
198,Toyota Innova 2.5,2006,Diesel,Toyota,45360,4345
199,Maruti Suzuki Alto,2011,Petrol,Maruti,25476,1726
200,Maruti Suzuki Wagon,2011,Petrol,Maruti,21748,2500
201,Tata Nano Cx,2013,Petrol,Tata,1367,476
202,Maruti Suzuki Alto,2013,Petrol,Maruti,24233,1488
203,Maruti Suzuki Wagon,2009,Petrol,Maruti,27962,1607
204,Maruti Suzuki Swift,2006,Petrol,Maruti,27962,1607
205,Tata Sumo Victa,2012,Diesel,Tata,40389,3392
207,Maruti Suzuki Wagon,2010,Petrol,Maruti,34095,1726
208,Maruti Suzuki Alto,2010,Petrol,Maruti,21487,1607
209,Volkswagen Passat Diesel,2009,Diesel,Volkswagen,60273,5357
210,Renault Scala RxL,2015,Diesel,Renault,15534,4464
211,Mahindra Quanto C8,2013,Diesel,Mahindra,12427,4464
212,Hyundai Grand i10,2014,Petrol,Hyundai,12427,4345
213,Hyundai i20 Active,2015,Petrol,Hyundai,11185,5952
214,Mahindra Xylo E4,2012,Diesel,Mahindra,21748,4761
215,Mahindra Jeep MM,2019,Diesel,Mahindra,37,4642
216,Renault Duster 110PS,2012,Diesel,Renault,21748,5964
217,Mahindra Bolero SLE,2013,Diesel,Mahindra,49834,3928
218,Force Motors Force,2015,Diesel,Force,1988,6904
219,Maruti Suzuki SX4,2012,Diesel,Maruti,28583,3154
220,Mahindra Jeep CL550,2019,Diesel,Mahindra,0,4511
221,Maruti Suzuki Alto,2015,Petrol,Maruti,3107,2607
222,Mahindra Jeep CL550,2018,Diesel,Mahindra,365,4583
223,Toyota Etios,2011,Diesel,Toyota,22369,3273
224,Volkswagen Polo,2015,Diesel,Volkswagen,23612,3928
225,Honda City ZX,2008,Petrol,Honda,27962,1309
226,Maruti Suzuki Wagon,2006,Petrol,Maruti,44242,952
227,Honda City VX,2016,Diesel,Honda,32311,6178
228,Mahindra Thar CRDe,2016,Diesel,Mahindra,18020,8690
229,Mitsubishi Pajero Sport,2015,Diesel,Mitsubishi,29204,17559
230,Audi A4 1.8,2009,Petrol,Audi,29204,8321
231,Mercedes Benz GLA,2015,Diesel,Mercedes,12427,23809
232,Land Rover Freelander,2015,Diesel,Land,18641,25000
233,Renault Kwid RXT,2017,Petrol,Renault,3107,4047
234,Tata Aria Pleasure,2014,Diesel,Tata,21748,4642
235,Mercedes Benz B,2014,Petrol,Mercedes,19263,16666
236,Datsun GO T,2016,Petrol,Datsun,4350,2916
237,Tata Indigo eCS,2016,Diesel,Tata,109007,3809
238,Tata Indigo eCS,2016,Diesel,Tata,108988,3809
239,Honda Jazz VX,2016,Petrol,Honda,25476,5357
240,Honda Amaze 1.2,2014,Petrol,Honda,20505,3702
241,Honda Amaze,2013,Diesel,Honda,28583,3392
242,Honda City,2012,Petrol,Honda,27962,4761
243,Honda City,2015,Diesel,Honda,24233,7142
244,Honda Amaze,2015,Petrol,Honda,13670,4107
245,Audi A4 1.8,2009,Petrol,Audi,29204,8321
246,Force Motors Force,2015,Diesel,Force,1988,6904
247,Mahindra Scorpio S4,2015,Diesel,Mahindra,18641,10178
248,Hyundai i20 Active,2015,Diesel,Hyundai,22991,6369
249,Mini Cooper S,2013,Petrol,Mini,8078,22513
250,Maruti Suzuki Ciaz,2017,Petrol,Maruti,8699,8321
251,Chevrolet Tavera Neo,2013,Diesel,Chevrolet,34175,4464
252,Honda Amaze,2013,Diesel,Honda,28583,3392
253,Hyundai Eon Sportz,2012,Petrol,Hyundai,18641,2119
254,Tata Sumo Gold,2013,Diesel,Tata,31069,3571
255,Maruti Suzuki Wagon,2003,Petrol,Maruti,27962,1071
256,Maruti Suzuki Esteem,2006,Petrol,Maruti,27962,1130
257,Maruti Suzuki Eeco,2015,Petrol,Maruti,5779,3035
258,Chevrolet Enjoy 1.4,2013,Diesel,Chevrolet,34175,2916
259,Hyundai i20 Asta,2012,Diesel,Hyundai,22494,3922
260,Ford Figo Diesel,2014,Diesel,Ford,31069,2321
261,Maruti Suzuki Eeco,2015,Petrol,Maruti,34175,2989
262,Maruti Suzuki Ertiga,2014,Petrol,Maruti,27962,6785
263,Maruti Suzuki Esteem,2007,Petrol,Maruti,31690,833
264,Maruti Suzuki Ritz,2014,Petrol,Maruti,11806,3571
265,Maruti Suzuki Dzire,2009,Petrol,Maruti,28583,2619
266,Maruti Suzuki Ritz,2013,Diesel,Maruti,20505,4761
267,Maruti Suzuki SX4,2010,Petrol,Maruti,22369,2976
268,Maruti Suzuki Wagon,2015,Petrol,Maruti,13670,3452
269,Mini Cooper S,2013,Petrol,Mini,8389,22513
270,Nissan Terrano XL,2015,Diesel,Nissan,37282,5952
271,Renault Duster 85,2013,Diesel,Renault,16777,5833
272,Renault Duster 85,2014,Diesel,Renault,36661,5833
273,Renault Duster 85,2015,Diesel,Renault,11806,6547
274,Maruti Suzuki Dzire,2013,Petrol,Maruti,18641,4523
275,Renault Kwid RXT,2018,Petrol,Renault,9321,3869
276,Maruti Suzuki Maruti,2003,Petrol,Maruti,35268,678
277,Renault Kwid 1.0,2018,Petrol,Renault,6214,4166
278,Renault Lodgy 85,2018,Diesel,Renault,12427,8214
279,Renault Scala RxL,2014,Diesel,Renault,30447,4166
280,Hyundai Grand i10,2014,Petrol,Hyundai,25476,4880
281,Maruti Suzuki Swift,2011,Petrol,Maruti,27962,2678
282,Chevrolet Beat LS,2010,Petrol,Chevrolet,26719,1428
283,Tata Indigo eCS,2016,Diesel,Tata,109007,3809
284,Hyundai Santro Xing,2000,Petrol,Hyundai,35076,702
285,Hyundai Fluidic Verna,2015,Diesel,Hyundai,23612,6428
287,Chevrolet Beat LS,2010,Petrol,Chevrolet,34797,952
288,Mahindra Quanto C8,2013,Diesel,Mahindra,22991,4047
289,Fiat Petra ELX,2008,Petrol,Fiat,40389,892
290,Chevrolet Beat LS,2015,Petrol,Chevrolet,20319,2619
291,Skoda Fabia 1.2L,2011,Diesel,Skoda,23736,1898
292,Ford EcoSport Titanium,2016,Diesel,Ford,18641,7130
293,Hyundai Accent GLX,2006,Petrol,Hyundai,34797,952
295,Maruti Suzuki Swift,2010,Diesel,Maruti,32311,0
296,Mahindra TUV300 T4,2016,Diesel,Mahindra,5592,8035
297,Mini Cooper S,2013,Petrol,Mini,8078,22513
298,Mini Cooper S,2013,Petrol,Mini,8078,22513
299,Tata Indica V2,2008,Petrol,Tata,6835,1785
300,Mini Cooper S,2013,Petrol,Mini,8078,22513
301,Tata Indigo CS,2009,Diesel,Tata,28583,863
302,Maruti Suzuki Swift,2019,Petrol,Maruti,45,7261
303,Mahindra Scorpio VLX,2004,Diesel,Mahindra,99419,2738
304,Tata Indica eV2,2017,Diesel,Tata,52195,0
305,Honda Accord,2009,Petrol,Honda,36387,2083
306,Mahindra Scorpio S4,2015,Diesel,Mahindra,18641,10178
307,Chevrolet Tavera Neo,2013,Diesel,Chevrolet,34175,4464
308,Ford EcoSport Titanium,2014,Diesel,Ford,35418,6190
309,Maruti Suzuki Ertiga,2015,Diesel,Maruti,31069,6249
310,Honda Amaze,2014,Petrol,Honda,22991,3571
311,Maruti Suzuki Dzire,2012,Petrol,Maruti,24855,3571
312,Honda City,2011,Petrol,Honda,34175,3392
313,Mahindra Scorpio 2.6,2007,Diesel,Mahindra,105633,2619
314,Maruti Suzuki Dzire,2014,Diesel,Maruti,34175,5059
315,Honda City,2015,Petrol,Honda,24233,7678
316,Honda Mobilio,2014,Petrol,Honda,27340,4761
317,Toyota Corolla Altis,2009,Petrol,Toyota,40389,2380
318,Honda City,2014,Petrol,Honda,24233,6964
319,Skoda Laura,2012,Diesel,Skoda,27340,4166
320,Renault Duster,2015,Diesel,Renault,30447,5357
321,Maruti Suzuki Ertiga,2018,Diesel,Maruti,5592,9523
322,Maruti Suzuki Dzire,2015,Diesel,Maruti,27962,5297
323,Mahindra XUV500,2014,Diesel,Mahindra,29204,7738
324,Hyundai Verna Fluidic,2012,Diesel,Hyundai,24855,5297
325,Maruti Suzuki Vitara,2016,Diesel,Maruti,18020,8214
326,Maruti Suzuki Wagon,2016,Petrol,Maruti,9321,4107
327,Mahindra Scorpio,2015,Diesel,Mahindra,27962,11249
328,Honda Amaze,2014,Petrol,Honda,21748,3273
329,Mahindra XUV500,2013,Diesel,Mahindra,49710,8214
330,Mahindra Scorpio,2013,Diesel,Mahindra,42253,6845
331,Skoda Laura,2013,Diesel,Skoda,31069,4464
332,Volkswagen Polo,2010,Diesel,Volkswagen,37282,2380
333,Hyundai Elite i20,2016,Petrol,Hyundai,5592,6547
334,Tata Manza Aura,2012,Diesel,Tata,44739,1547
335,Chevrolet Sail UVA,2013,Petrol,Chevrolet,37282,2500
336,Renault Duster 110,2012,Diesel,Renault,23612,5964
337,Hyundai Verna Fluidic,2013,Diesel,Hyundai,27962,4773
338,Audi A4 2.0,2012,Diesel,Audi,24855,16071
339,Hyundai Elantra SX,2013,Petrol,Hyundai,12427,7142
340,Mahindra Scorpio VLX,2013,Diesel,Mahindra,21748,7261
341,Mahindra KUV100 K8,2016,Diesel,Mahindra,12427,4761
342,Renault Scala RxL,2015,Diesel,Renault,15534,4464
343,Mahindra Quanto C8,2013,Diesel,Mahindra,12427,4464
344,Hyundai Grand i10,2014,Petrol,Hyundai,12427,4345
345,Hyundai i20 Active,2015,Petrol,Hyundai,11185,5952
346,Mahindra Xylo E4,2012,Diesel,Mahindra,21748,4761
347,Hyundai Grand i10,2017,Petrol,Hyundai,4238,6249
348,Hyundai i20,2014,Petrol,Hyundai,14292,5357
349,Hyundai Eon,2014,Petrol,Hyundai,8699,2083
350,Hyundai i10,2012,Petrol,Hyundai,23612,2916
351,Hyundai i20 Active,2015,Diesel,Hyundai,21748,6845
352,Datsun Redi GO,2017,Petrol,Datsun,13670,2916
353,Toyota Etios Liva,2011,Petrol,Toyota,25476,2857
354,Hyundai Accent,2010,Petrol,Hyundai,27962,1190
355,Hyundai Verna,2014,Diesel,Hyundai,27340,5833
356,Maruti Suzuki Swift,2013,Diesel,Maruti,27962,3869
357,Toyota Fortuner,2011,Diesel,Toyota,32311,12797
358,Hyundai i10 Sportz,2012,Petrol,Hyundai,21127,2738
359,Mahindra Bolero Power,2018,Diesel,Mahindra,1118,8321
361,Mahindra XUV500,2015,Diesel,Mahindra,9321,11904
362,Honda City 1.5,2010,Petrol,Honda,248548,2857
363,Chevrolet Spark LT,2009,Petrol,Chevrolet,27340,1309
364,Mahindra Jeep MM,2019,Diesel,Mahindra,37,4642
365,Renault Duster 110PS,2012,Diesel,Renault,21748,5964
366,Mahindra XUV500,2016,Diesel,Mahindra,44739,13452
367,Tata Indigo eCS,2014,Diesel,Tata,24855,2976
369,Mahindra Bolero SLE,2013,Diesel,Mahindra,49834,3928
370,Force Motors Force,2015,Diesel,Force,1988,6904
371,Skoda Rapid Elegance,2013,Diesel,Skoda,29826,4047
372,Tata Vista Quadrajet,2011,Diesel,Tata,55923,1428
373,Maruti Suzuki Alto,2015,Petrol,Maruti,7456,3154
374,Maruti Suzuki SX4,2012,Diesel,Maruti,28583,3154
375,Maruti Suzuki Zen,2003,Petrol,Maruti,43434,1011
376,Mahindra Jeep CL550,2019,Diesel,Mahindra,0,4511
377,Hyundai i10 Magna,2011,Petrol,Hyundai,27962,2083
378,Maruti Suzuki Alto,2015,Petrol,Maruti,3107,2607
379,Maruti Suzuki Swift,2016,Diesel,Maruti,103148,4166
380,Honda City ZX,2008,Petrol,Honda,26098,1773
381,Mahindra Jeep CL550,2018,Diesel,Mahindra,365,4583
382,Mahindra Jeep MM,2006,Diesel,Mahindra,76,5059
383,Chevrolet Beat Diesel,2017,Diesel,Chevrolet,38525,1785
384,Honda City 1.5,2010,Petrol,Honda,43496,2678
386,Hyundai Verna 1.4,2014,Petrol,Hyundai,22369,4464
387,Toyota Innova 2.5,2012,Diesel,Toyota,0,9166
388,Maruti Suzuki Alto,2018,Petrol,Maruti,14913,0
389,Maruti Suzuki Maruti,1995,Petrol,Maruti,34175,357
390,Toyota Etios,2011,Diesel,Toyota,22369,3273
391,Volkswagen Polo,2015,Diesel,Volkswagen,23612,3928
392,Maruti Suzuki Swift,2014,Diesel,Maruti,34175,3988
393,Hyundai Elite i20,2015,Diesel,Hyundai,12427,5357
394,Maruti Suzuki Swift,2012,Petrol,Maruti,24855,2678
396,Maruti Suzuki Versa,2004,Petrol,Maruti,31069,952
397,Tata Indigo LX,2016,Diesel,Tata,64623,1547
398,Volkswagen Vento Konekt,2011,Diesel,Volkswagen,40389,2916
399,Mercedes Benz C,2002,Petrol,Mercedes,25476,4750
400,Maruti Suzuki Ertiga,2013,Diesel,Maruti,55923,5357
402,Honda City,2000,Petrol,Honda,49710,773
403,Hyundai Santro Xing,2006,Petrol,Hyundai,28583,892
404,Maruti Suzuki Omni,2001,Petrol,Maruti,43496,833
405,Hyundai Sonata Transform,2017,Diesel,Hyundai,22661,2261
406,Hyundai Elite i20,2018,Petrol,Hyundai,4847,7142
407,Volkswagen Vento Konekt,2011,Diesel,Volkswagen,40389,2916
408,Maruti Suzuki Alto,2017,Petrol,Maruti,37282,2857
409,Maruti Suzuki Alto,2011,Petrol,Maruti,19884,1845
410,Honda Jazz S,2009,Petrol,Honda,15345,2023
411,Hyundai Grand i10,2017,Petrol,Hyundai,9408,5357
412,Maruti Suzuki Zen,2001,Petrol,Maruti,24855,476
413,Mahindra Scorpio W,2012,Diesel,Mahindra,40389,1964
415,Maruti Suzuki Alto,2014,Petrol,Maruti,13670,3214
416,Hyundai Grand i10,2016,Diesel,Hyundai,37226,3333
417,Mahindra XUV500 W8,2012,Diesel,Mahindra,62137,6666
418,Hyundai Creta 1.6,2016,Petrol,Hyundai,15534,11309
419,Hyundai i20 Magna,2013,Petrol,Hyundai,21748,3690
420,Renault Duster 85,2015,Diesel,Renault,40389,8511
421,Hyundai Grand i10,2014,Petrol,Hyundai,21748,4047
422,Honda Brio V,2012,Petrol,Honda,20505,2797
423,Mahindra TUV300 T4,2017,Diesel,Mahindra,42253,7261
424,Chevrolet Spark LS,2010,Petrol,Chevrolet,14292,1130
425,Mahindra TUV300 T8,2018,Diesel,Mahindra,2796,11904
426,Maruti Suzuki Swift,2015,Diesel,Maruti,80157,2619
427,Nissan X Trail,2019,Diesel,Nissan,186,14285
428,Maruti Suzuki Alto,2015,Petrol,Maruti,3107,2738
429,Ford Ikon 1.3,2001,Petrol,Ford,40389,535
430,Toyota Fortuner 3.0,2010,Diesel,Toyota,81400,11190
431,Tata Manza ELAN,2010,Petrol,Tata,69041,1851
434,Mercedes Benz A,2013,Petrol,Mercedes,8699,17857
435,Chevrolet Beat LS,2016,Diesel,Chevrolet,13670,2500
436,Ford EcoSport Trend,2013,Diesel,Ford,23612,5892
437,Tata Indigo LS,2016,Diesel,Tata,43496,1488
438,Hyundai i20 Magna,2010,Petrol,Hyundai,22369,2321
439,Volkswagen Vento Highline,2015,Diesel,Volkswagen,21127,6547
440,Renault Kwid RXT,2015,Petrol,Renault,26719,3214
442,Ford EcoSport Titanium,2014,Diesel,Ford,24855,5952
443,Honda Amaze 1.5,2016,Diesel,Honda,99419,2857
444,Hyundai Verna 1.6,2017,Petrol,Hyundai,7456,9523
445,BMW 5 Series,2011,Diesel,BMW,30447,15464
446,Skoda Superb 1.8,2011,Petrol,Skoda,42253,6309
447,Audi Q3 2.0,2013,Diesel,Audi,22991,17845
448,Mahindra Bolero DI,2012,Diesel,Mahindra,36950,2619
449,Maruti Suzuki Zen,2011,Petrol,Maruti,9942,0
450,Mahindra Scorpio S10,2015,Diesel,Mahindra,60397,10714
451,Ford Figo Duratorq,2012,Diesel,Ford,61516,2976
452,Maruti Suzuki Wagon,2018,Petrol,Maruti,15845,4702
453,Mahindra Logan Diesel,2009,Petrol,Mahindra,41010,1547
454,Tata Nano GenX,2010,Petrol,Tata,27343,380
455,Mahindra TUV300 T4,2016,Diesel,Mahindra,21748,6428
456,Mahindra TUV300 T4,2016,Diesel,Mahindra,21748,6428
457,Hyundai Elite i20,2015,Petrol,Hyundai,17398,4821
458,Hyundai Elite i20,2015,Petrol,Hyundai,18641,4761
459,Honda City SV,2017,Petrol,Honda,2485,9047
460,Maruti Suzuki Baleno,2016,Petrol,Maruti,17398,5952
461,Ford Figo Petrol,2011,Petrol,Ford,46603,2083
462,Mahindra Scorpio S10,2015,Diesel,Mahindra,60397,10714
463,Honda City,2017,Petrol,Honda,1864,8928
464,Hyundai Elite i20,2015,Petrol,Hyundai,12427,4988
465,Maruti Suzuki Versa,2004,Petrol,Maruti,31069,1071
466,Hyundai Eon Era,2018,Petrol,Hyundai,1311,1666
467,Mitsubishi Pajero Sport,2015,Petrol,Mitsubishi,26857,18333
468,Hyundai i10 Magna,2008,Petrol,Hyundai,62261,3273
469,Toyota Corolla H2,2003,Petrol,Toyota,62137,1785
470,Maruti Suzuki Swift,2011,Petrol,Maruti,40,2738
471,Tata Indigo CS,2015,Diesel,Tata,62137,1464
472,Mahindra Scorpio S10,2015,Diesel,Mahindra,60397,10714
473,Mahindra Scorpio S10,2015,Diesel,Mahindra,60397,10714
474,Hyundai Xcent Base,2016,Diesel,Hyundai,86992,3571
475,Honda City,2015,Petrol,Honda,34175,5952
476,Hyundai Accent Executive,2009,Petrol,Hyundai,29826,1964
477,Maruti Suzuki Baleno,2016,Petrol,Maruti,13670,5928
478,Tata Zest XE,2018,Diesel,Tata,64345,5714
479,Maruti Suzuki Dzire,2017,Diesel,Maruti,49710,5809
480,Tata Sumo Gold,2014,Diesel,Tata,61516,2976
481,Toyota Corolla Altis,2010,Petrol,Toyota,36040,2619
482,Maruti Suzuki Eeco,2013,LPG,Maruti,43496,3452
483,Toyota Fortuner 3.0,2015,Diesel,Toyota,74565,18154
484,Mahindra XUV500 W6,2013,Diesel,Mahindra,30944,6534
485,Tata Tigor Revotron,2019,Diesel,Tata,62,7738
486,Maruti Suzuki 800,2001,Petrol,Maruti,50875,654
487,Maruti Suzuki Ertiga,2015,Petrol,Maruti,46603,6547
488,Maruti Suzuki Versa,2004,Petrol,Maruti,31069,1071
489,Honda Mobilio S,2014,Diesel,Honda,27340,4750
490,Maruti Suzuki Ertiga,2016,Diesel,Maruti,34175,8690
491,Maruti Suzuki Vitara,2017,Diesel,Maruti,22369,8630
492,Hyundai Verna 1.6,2016,Diesel,Hyundai,34797,2321
493,Maruti Suzuki Swift,2007,Petrol,Maruti,38525,1547
494,Toyota Fortuner 3.0,2015,Diesel,Toyota,74565,18154
495,Maruti Suzuki Omni,2014,Petrol,Maruti,3741,2261
496,Honda Amaze,2013,Diesel,Honda,34610,2976
497,Tata Indica,2005,Petrol,Tata,26098,952
498,Hyundai Santro Xing,2003,Petrol,Hyundai,31069,1428
499,Maruti Suzuki Zen,2010,Petrol,Maruti,21748,1773
500,Maruti Suzuki Wagon,2014,Petrol,Maruti,11495,2976
501,Maruti Suzuki Wagon,2007,Petrol,Maruti,4350,1428
502,Honda Brio VX,2017,Petrol,Honda,6835,5357
503,Hyundai Xcent Base,2015,Diesel,Hyundai,111847,0
504,Maruti Suzuki Zen,2003,Petrol,Maruti,32933,1190
505,Maruti Suzuki Zen,2008,Petrol,Maruti,14292,1607
506,Maruti Suzuki Wagon,2016,Diesel,Maruti,22059,2678
507,Maruti Suzuki Alto,2010,Petrol,Maruti,13753,1178
508,Renault Kwid RXT,2019,Petrol,Renault,621,4404
509,Tata Nano Lx,2010,Petrol,Tata,5592,619
510,Jaguar XE XE,2016,Petrol,Jaguar,5282,33333
511,Hyundai Xcent S,2015,Petrol,Hyundai,21748,0
512,Hyundai Eon Magna,2014,Petrol,Hyundai,21748,2261
513,Honda City 1.5,2014,Petrol,Honda,13670,5940
514,Hindustan Motors Ambassador,2002,Diesel,Hindustan,15534,1071
515,Maruti Suzuki Ritz,2010,Petrol,Maruti,24855,1773
516,Hyundai Grand i10,2017,Petrol,Hyundai,12427,4761
517,Hyundai Eon D,2016,Petrol,Hyundai,54059,1428
518,Maruti Suzuki Swift,2015,Petrol,Maruti,34175,2976
519,Maruti Suzuki Wagon,2017,Petrol,Maruti,14292,4464
520,Honda Amaze 1.2,2014,Petrol,Honda,3728,4535
521,Maruti Suzuki Estilo,2013,Petrol,Maruti,40389,2142
522,Maruti Suzuki Vitara,2016,Diesel,Maruti,15534,6904
523,Maruti Suzuki Eeco,2015,Petrol,Maruti,24233,3309
524,Toyota Innova 2.0,2009,Diesel,Toyota,9677,0
525,Hyundai Creta 1.6,2016,Petrol,Hyundai,4971,11904
526,Mahindra Scorpio Vlx,2013,Diesel,Mahindra,46603,8214
527,Maruti Suzuki Ertiga,2012,Diesel,Maruti,31690,5714
528,Mitsubishi Lancer 1.8,2006,Petrol,Mitsubishi,31069,1011
529,Maruti Suzuki Maruti,2001,Petrol,Maruti,46603,476
530,Maruti Suzuki Alto,2015,Petrol,Maruti,34673,1071
531,Hyundai Grand i10,2015,Petrol,Hyundai,32933,4047
532,Hyundai Eon D,2018,Petrol,Hyundai,15534,3095
533,Ford Fiesta SXi,2009,Petrol,Ford,35045,2976
534,Maruti Suzuki Ritz,2010,Diesel,Maruti,44838,2142
535,Hyundai Verna Fluidic,2012,Diesel,Hyundai,6214,4166
536,Maruti Suzuki Wagon,2006,Petrol,Maruti,29826,1071
537,Maruti Suzuki Estilo,2007,Petrol,Maruti,22369,1369
538,Audi A6 2.0,2012,Diesel,Audi,7146,19035
539,Maruti Suzuki Wagon,2003,Petrol,Maruti,82642,1547
540,Maruti Suzuki Wagon,2009,Petrol,Maruti,16777,1892
541,Maruti Suzuki Wagon,2009,Petrol,Maruti,21748,1904
542,Maruti Suzuki Alto,2010,Petrol,Maruti,34175,1309
543,Maruti Suzuki Baleno,2016,Petrol,Maruti,24855,5059
544,Hyundai Verna 1.6,2019,Petrol,Hyundai,1243,10714
545,Maruti Suzuki Swift,2009,Petrol,Maruti,27962,1785
546,Hyundai Getz Prime,2009,Petrol,Hyundai,12427,1309
547,Hyundai Santro,2000,Petrol,Hyundai,54681,619
548,Hyundai Getz Prime,2009,Petrol,Hyundai,12427,1369
549,Chevrolet Beat PS,2012,Diesel,Chevrolet,40651,2559
550,Ford EcoSport Trend,2017,Petrol,Ford,6214,6904
551,Maruti Suzuki Dzire,2013,Petrol,Maruti,21748,4523
552,Hyundai Fluidic Verna,2013,Diesel,Hyundai,72700,4166
553,Tata Indica V2,2005,Diesel,Tata,93206,416
554,BMW X1 xDrive20d,2011,Diesel,BMW,44739,13690
555,Hyundai i20 Asta,2010,Petrol,Hyundai,6680,3571
556,Honda City 1.5,2009,Petrol,Honda,34175,3202
557,Tata Nano,2013,Petrol,Tata,4225,714
558,Chevrolet Cruze LTZ,2014,Diesel,Chevrolet,25476,4761
559,Hyundai Verna Fluidic,2015,Diesel,Hyundai,45360,5119
561,Maruti Suzuki Swift,2011,Diesel,Maruti,40389,1666
562,Mahindra XUV500 W6,2014,Diesel,Mahindra,27962,101190
563,Mahindra XUV500 W10,2018,Diesel,Mahindra,24855,15464
564,Maruti Suzuki Alto,2014,Petrol,Maruti,22991,2369
565,Hyundai Accent GLE,2006,Petrol,Hyundai,34175,1071
566,Force Motors One,2013,Diesel,Force,86992,6547
567,Datsun Go Plus,2016,Petrol,Datsun,3,0
568,Maruti Suzuki Alto,2019,Petrol,Maruti,6089,3154
569,Chevrolet Spark 1.0,2011,Petrol,Chevrolet,16777,1190
570,Hyundai i10,2009,Petrol,Hyundai,16777,2559
571,Toyota Etios Liva,2012,Diesel,Toyota,12427,4523
572,Renault Duster 85PS,2013,Diesel,Renault,35992,4784
573,Chevrolet Enjoy,2014,Diesel,Chevrolet,18766,5833
574,Maruti Suzuki Alto,2017,Petrol,Maruti,3853,3333
575,BMW 5 Series,2009,Petrol,BMW,23313,7738
576,Toyota Etios Liva,2014,Petrol,Toyota,15318,1904
577,Mahindra Jeep MM,2004,Diesel,Mahindra,238,5047
578,Chevrolet Beat LS,2016,Diesel,Chevrolet,59030,2678
579,Chevrolet Cruze LTZ,2011,Diesel,Chevrolet,21748,4166
580,Jeep Wrangler Unlimited,2015,Diesel,Jeep,2192,11309
581,Maruti Suzuki Ertiga,2013,Diesel,Maruti,32622,5773
582,Hyundai Verna VGT,2010,Diesel,Hyundai,29764,2440
583,Maruti Suzuki Omni,2012,Petrol,Maruti,8699,1904
584,Maruti Suzuki Celerio,2018,Petrol,Maruti,22991,3690
585,Tata Zest Quadrajet,2017,Diesel,Tata,55923,2142
586,Mahindra XUV500 W6,2013,Diesel,Mahindra,32808,6546
587,Tata Indigo CS,2016,Diesel,Tata,64623,1785
588,Hyundai i10 Era,2011,Petrol,Hyundai,18641,2083
589,Tata Indigo eCS,2014,Diesel,Tata,121167,1130
590,Tata Indigo LX,2016,Diesel,Tata,64623,2738
591,Tata Indigo eCS,2016,Diesel,Tata,64623,2738
592,Tata Indigo Marina,2004,Diesel,Tata,43496,2142
594,Hyundai Xcent SX,2015,Diesel,Hyundai,26719,4761
595,Hyundai Eon Magna,2013,Petrol,Hyundai,14292,2202
596,Renault Duster 85,2015,Diesel,Renault,31690,4583
597,Maruti Suzuki Alto,2009,Petrol,Maruti,38525,1071
598,Tata Nano LX,2010,Petrol,Tata,29831,380
600,Renault Duster 110,2013,Diesel,Renault,24233,5178
601,Maruti Suzuki Wagon,2010,Petrol,Maruti,24855,2678
602,Maruti Suzuki Swift,2006,Petrol,Maruti,29979,2258
603,Maruti Suzuki Ertiga,2012,Diesel,Maruti,24233,4639
604,Maruti Suzuki Swift,2014,Petrol,Maruti,14292,4345
605,Maruti Suzuki Alto,2017,Petrol,Maruti,5841,4285
606,Hyundai i20 Magna,2010,Petrol,Hyundai,31069,2500
607,Hyundai i10 Magna,2009,Petrol,Hyundai,46603,2023
609,Tata Zest XE,2017,Diesel,Tata,43496,4523
610,Mahindra Xylo E8,2009,Diesel,Mahindra,39768,3511
611,Toyota Corolla Altis,2010,Petrol,Toyota,34175,2202
612,Tata Manza Aqua,2014,Diesel,Tata,124274,1904
613,Mahindra KUV100 K8,2018,Diesel,Mahindra,4660,0
615,Renault Kwid 1.0,2018,Petrol,Renault,1328,3452
617,Tata Venture EX,2013,Diesel,Tata,18641,1190
618,Maruti Suzuki Swift,2014,Petrol,Maruti,27340,3750
619,Maruti Suzuki Alto,2002,Petrol,Maruti,34797,0
620,Skoda Octavia Classic,2006,Diesel,Skoda,40389,1368
621,Maruti Suzuki Omni,2012,LPG,Maruti,99419,1428
622,Chevrolet Beat Diesel,2011,Diesel,Chevrolet,34797,1488
623,Tata Sumo Gold,2012,Diesel,Tata,46603,2500
625,Hyundai Verna 1.6,2018,Diesel,Hyundai,26098,10178
626,Tata Sumo Gold,2012,Diesel,Tata,46603,2500
627,Mahindra Scorpio 2.6,2007,Diesel,Mahindra,34797,3095
628,Maruti Suzuki Zen,2002,Petrol,Maruti,6552,1130
629,Maruti Suzuki Swift,2011,Petrol,Maruti,39768,3035
630,Mahindra Scorpio SLX,2008,Diesel,Mahindra,43496,3571
631,Hyundai Grand i10,2014,Petrol,Hyundai,15534,4047
632,Hyundai Elite i20,2017,Petrol,Hyundai,9321,6547
633,Ford Ikon 1.6,2003,Petrol,Ford,31069,714
634,Hyundai Elite i20,2015,Petrol,Hyundai,30758,0
636,Toyota Innova 2.5,2011,Diesel,Toyota,91342,8928
637,Nissan Sunny XL,2011,Petrol,Nissan,32311,2738
638,Chevrolet Beat LT,2012,Diesel,Chevrolet,55924,1547
639,Maruti Suzuki Alto,2017,Petrol,Maruti,13049,3214
640,Maruti Suzuki Swift,2012,Diesel,Maruti,29830,3333
641,Maruti Suzuki Swift,2012,Diesel,Maruti,29830,3333
642,Maruti Suzuki Swift,2012,Diesel,Maruti,29830,3333
644,Toyota Innova 2.0,2012,Diesel,Toyota,49710,7142
646,Maruti Suzuki Swift,2010,Diesel,Maruti,45981,2261
647,Hyundai Elite i20,2015,Petrol,Hyundai,13670,5952
648,Mahindra XUV500 W10,2016,Diesel,Mahindra,25476,12678
649,Volkswagen Polo Trendline,2015,Diesel,Volkswagen,15534,4166
650,Toyota Etios Liva,2012,Diesel,Toyota,52817,4166
651,Mahindra TUV300 T4,2016,Diesel,Mahindra,18330,6428
652,Hyundai Elite i20,2015,Petrol,Hyundai,18641,5595
653,Hyundai Santro Xing,2014,Petrol,Hyundai,35418,2130
654,Maruti Suzuki Zen,2003,Petrol,Maruti,37282,571
655,Maruti Suzuki Ciaz,2016,Petrol,Maruti,31069,7738
656,Hyundai Eon Era,2013,Petrol,Hyundai,24668,2261
657,Hyundai Elantra 1.8,2012,Petrol,Hyundai,40389,5952
658,Maruti Suzuki Swift,2010,Diesel,Maruti,41632,3214
659,Maruti Suzuki Zen,2008,Petrol,Maruti,28583,1488
660,Hyundai Eon Era,2012,Petrol,Hyundai,23612,2238
661,Hyundai Grand i10,2016,Petrol,Hyundai,16777,4523
662,Hyundai Verna Fluidic,2011,Diesel,Hyundai,26719,4345
663,Ford EcoSport Trend,2014,Petrol,Ford,29204,5535
664,Hyundai i20 Magna,2011,Petrol,Hyundai,26098,2857
665,Chevrolet Beat Diesel,2016,Diesel,Chevrolet,12015,2142
666,Tata Indica eV2,2015,Diesel,Tata,37348,1666
667,Jaguar XF 2.2,2013,Diesel,Jaguar,18020,26071
668,Audi Q5 2.0,2014,Diesel,Audi,21127,28452
669,BMW 3 Series,2011,Diesel,BMW,21748,12797
670,Maruti Suzuki Swift,2015,Petrol,Maruti,13670,5654
671,BMW X1 sDrive20d,2012,Diesel,BMW,25476,12202
672,Maruti Suzuki S,2016,Diesel,Maruti,13049,7321
673,Maruti Suzuki Ertiga,2013,Diesel,Maruti,29826,5654
674,Maruti Suzuki Alto,2016,Petrol,Maruti,23612,3214
675,Honda City SV,2014,Diesel,Honda,21127,5654
676,Volkswagen Vento Comfortline,2011,Petrol,Volkswagen,28541,2857
677,Honda City 1.5,2005,Petrol,Honda,42253,1428
678,Audi A4 2.0,2016,Diesel,Audi,27340,22619
679,Mahindra KUV100,2017,Diesel,Mahindra,21748,4285
680,Tata Zest XE,2018,Diesel,Tata,63730,5357
681,Mahindra XUV500 W8,2015,Diesel,Mahindra,17771,10714
682,Maruti Suzuki Swift,2017,Diesel,Maruti,25973,7738
683,Tata Sumo Gold,2014,Diesel,Tata,72079,3273
684,Maruti Suzuki Swift,2009,Petrol,Maruti,36661,2500
685,Mahindra Scorpio 2.6,2004,Diesel,Mahindra,36040,2083
686,Maruti Suzuki Omni,2009,Petrol,Maruti,27962,1011
687,Mitsubishi Pajero Sport,2015,Diesel,Mitsubishi,26464,17738
688,Renault Duster,2014,Diesel,Renault,4598,9523
689,Volkswagen Jetta Comfortline,2009,Diesel,Volkswagen,33865,5357
690,Maruti Suzuki Ertiga,2012,Diesel,Maruti,124274,11904
691,Audi A4 2.0,2013,Diesel,Audi,16777,17976
692,Volvo S80 Summum,2015,Diesel,Volvo,26098,22023
693,Toyota Corolla Altis,2014,Petrol,Toyota,18020,9404
694,Mitsubishi Pajero Sport,2015,Diesel,Mitsubishi,22991,20535
695,Chevrolet Beat LT,2012,Petrol,Chevrolet,22369,1607
696,BMW X1,2011,Diesel,BMW,21127,11904
697,Datsun Redi GO,2018,Petrol,Datsun,4350,3571
698,Mercedes Benz C,2009,Diesel,Mercedes,47224,14583
699,Mahindra Scorpio SLX,2004,Diesel,Mahindra,37282,2083
700,Volkswagen Vento Comfortline,2011,Diesel,Volkswagen,59030,2380
701,Tata Indigo CS,2017,Diesel,Tata,31069,3214
702,Ford Figo Petrol,2019,Petrol,Ford,0,6250
703,Honda City ZX,2006,Petrol,Honda,31069,2142
704,Maruti Suzuki Wagon,2008,Petrol,Maruti,42253,1666
705,Ford EcoSport Trend,2014,Petrol,Ford,9942,4761
706,Maruti Suzuki Swift,2016,Diesel,Maruti,31690,5940
707,Maruti Suzuki Omni,2009,Petrol,Maruti,34797,1011
708,Maruti Suzuki Zen,2004,Petrol,Maruti,62137,833
709,Renault Duster RxL,2015,Petrol,Renault,22369,6547
710,Maruti Suzuki Swift,2014,Petrol,Maruti,7160,4404
711,Maruti Suzuki Baleno,2018,Petrol,Maruti,621,8214
712,Honda WR V,2009,Petrol,Honda,37282,2976
713,Tata Indigo CS,2016,Diesel,Tata,52817,1309
714,Renault Duster 110,2013,Diesel,Renault,23985,5833
715,Mahindra Scorpio LX,2009,Diesel,Mahindra,59341,3809
716,Maruti Suzuki Zen,2004,Petrol,Maruti,34797,809
717,Maruti Suzuki Wagon,2014,Petrol,Maruti,23275,1547
718,Maruti Suzuki SX4,2016,Diesel,Maruti,53413,11547
719,Audi A3 Cabriolet,2015,Petrol,Audi,7777,36904
720,Hyundai Eon D,2018,Petrol,Hyundai,21748,3333
721,Maruti Suzuki Zen,2009,Petrol,Maruti,0,1488
722,Mahindra Scorpio SLX,2008,Diesel,Mahindra,49710,3392
724,Hyundai Santro AE,2011,Petrol,Hyundai,27962,1964
726,Maruti Suzuki Swift,2009,Diesel,Maruti,31690,2976
727,Mahindra Scorpio S4,2015,Diesel,Mahindra,18641,10297
729,Mahindra Xylo D2,2011,Diesel,Mahindra,29826,4642
730,Hyundai Santro,2003,Petrol,Hyundai,31690,714
731,Chevrolet Beat LT,2015,Diesel,Chevrolet,55923,2559
732,Maruti Suzuki Swift,2015,Diesel,Maruti,26719,5654
733,Mahindra XUV500 W8,2015,Diesel,Mahindra,32933,10702
734,Toyota Fortuner 3.0,2013,Diesel,Toyota,60273,17845
735,Maruti Suzuki Alto,2013,Petrol,Maruti,12427,2857
736,Hyundai Getz GLE,2007,Petrol,Hyundai,34175,1178
737,Maruti Suzuki Swift,2014,Diesel,Maruti,74565,3095
738,Hyundai Creta 1.6,2019,Petrol,Hyundai,0,14285
739,Hyundai Santro Xing,2007,Petrol,Hyundai,28583,1369
740,Hyundai Santro Xing,2009,Petrol,Hyundai,26843,1047
741,Mahindra Xylo D2,2011,Diesel,Mahindra,34797,4642
742,Hyundai Santro Xing,2007,Petrol,Hyundai,26098,1607
743,Tata Indica V2,2009,Diesel,Tata,19014,1071
744,Hyundai i10 Sportz,2011,Petrol,Hyundai,23612,2619
745,Hyundai Grand i10,2017,Petrol,Hyundai,1584,5059
746,Hyundai Santro Xing,2007,Petrol,Hyundai,29204,1607
747,Honda City 1.5,2005,Petrol,Honda,25476,1130
748,Nissan Micra XL,2017,Diesel,Nissan,38836,5119
749,Honda City 1.5,2005,Petrol,Honda,42253,1369
750,Maruti Suzuki Alto,2015,Petrol,Maruti,31069,2559
751,Maruti Suzuki Wagon,2004,Petrol,Maruti,42875,630
752,Maruti Suzuki Ertiga,2012,Diesel,Maruti,29826,5952
753,Tata Indica eV2,2012,Diesel,Tata,34175,1011
754,Maruti Suzuki Omni,2013,Petrol,Maruti,15534,1964
755,Hyundai Eon Era,2014,Petrol,Hyundai,17647,2380
756,Hyundai Eon,2014,Petrol,Hyundai,17398,2380
757,Maruti Suzuki Swift,2015,Diesel,Maruti,26098,5059
759,Hyundai Verna 1.6,2012,Diesel,Hyundai,18020,7142
760,Chevrolet Tavera LS,2005,Diesel,Chevrolet,42555,1547
761,Tata Tiago Revotron,2018,Petrol,Tata,2175,5119
762,Tata Tiago Revotorq,2019,Petrol,Tata,0,6767
763,Tata Nexon,2019,Petrol,Tata,0,0
765,Maruti Suzuki Zen,2006,Petrol,Maruti,19884,845
766,Mahindra KUV100 K8,2018,Diesel,Mahindra,4971,6666
767,Ford EcoSport Titanium,2014,Diesel,Ford,21127,7023
768,Hindustan Motors Ambassador,1995,Petrol,Hindustan,22991,8928
769,Ford Fusion 1.4,2007,Diesel,Ford,53099,1488
770,Hyundai Santro Xing,2007,Petrol,Hyundai,28583,1607
771,Hyundai Santro,2002,Petrol,Hyundai,29204,714
772,Fiat Linea Emotion,2009,Petrol,Fiat,39768,1428
773,Ford Ikon 1.3,2008,Petrol,Ford,28583,1130
774,Maruti Suzuki Omni,2017,Petrol,Maruti,4971,2857
775,Tata Indica V2,2012,Diesel,Tata,39768,1369
776,Mahindra Scorpio S4,2015,Diesel,Mahindra,39146,9464
777,Hyundai Santro Xing,2007,Petrol,Hyundai,40389,654
778,Mahindra Xylo D2,2009,Diesel,Mahindra,38525,3571
779,Hyundai Grand i10,2014,Petrol,Hyundai,25476,3809
780,Maruti Suzuki Alto,2015,Petrol,Maruti,8699,3154
781,Toyota Corolla,2006,Petrol,Toyota,24855,1904
782,Hyundai Eon Magna,2017,Petrol,Hyundai,994,3571
783,Tata Sumo Grande,2010,Diesel,Tata,55923,1547
784,Maruti Suzuki Swift,2011,Diesel,Maruti,36040,2976
785,Volkswagen Polo Highline1.2L,2013,Petrol,Volkswagen,16777,4523
786,Maruti Suzuki Alto,2003,Petrol,Maruti,37282,500
787,Tata Tiago Revotron,2017,Petrol,Tata,19263,4761
788,Maruti Suzuki Swift,2009,Diesel,Maruti,55923,1428
789,Maruti Suzuki Swift,2009,Diesel,Maruti,55923,1428
790,Tata Indigo eCS,2016,Diesel,Tata,93206,1547
791,Chevrolet Beat LS,2014,Diesel,Chevrolet,19263,2250
793,Mahindra Xylo E8,2011,Diesel,Mahindra,26719,4345
794,Hyundai Eon D,2013,Petrol,Hyundai,12427,2023
804,Tata Sumo Gold,2013,Petrol,Tata,62137,2559
813,Tata Nano,2013,Petrol,Tata,4350,714
814,Hyundai Elite i20,2017,Petrol,Hyundai,19263,7142
815,Hyundai i10 Magna,2009,Petrol,Hyundai,20505,4761
816,Hyundai Creta,2016,Diesel,Hyundai,37282,10714
817,Volkswagen Polo,2013,Diesel,Volkswagen,29826,3571
818,Maruti Suzuki Dzire,2014,Petrol,Maruti,20505,4464
819,Tata Bolt XM,2015,Petrol,Tata,9321,7142
820,Maruti Suzuki Alto,2005,Petrol,Maruti,29204,833
821,Maruti Suzuki Alto,2005,Petrol,Maruti,24855,1190
822,Hyundai Venue,2019,Diesel,Hyundai,4350,0
823,Maruti Suzuki Ritz,2010,Diesel,Maruti,23612,1785
824,Maruti Suzuki Alto,2017,Petrol,Maruti,7767,2678
825,Maruti Suzuki Dzire,2009,Petrol,Maruti,26098,2500
826,Renault Lodgy,2016,Diesel,Renault,12427,0
827,Hyundai i20 Asta,2014,Petrol,Hyundai,19263,5059
828,Maruti Suzuki Swift,2008,Diesel,Maruti,37282,1928
829,Tata Indica V2,2005,Diesel,Tata,49710,714
830,Mahindra Scorpio VLX,2014,Diesel,Mahindra,47846,7738
831,Toyota Innova 2.5,2012,Diesel,Toyota,46603,8928
832,Mahindra Xylo E8,2010,Diesel,Mahindra,24855,4464
833,Hyundai i20 Magna,2011,Petrol,Hyundai,29204,2738
834,Maruti Suzuki Omni,2000,Petrol,Maruti,37282,428
835,Mahindra KUV100,2016,Petrol,Mahindra,16466,4523
836,Mahindra KUV100 K8,2019,Petrol,Mahindra,1786,6666
837,Datsun Go Plus,2016,Petrol,Datsun,8637,3392
838,Ford Endeavor 4x4,2019,Diesel,Ford,5592,34523
839,Tata Indica V2,2005,Diesel,Tata,49710,476
840,Hyundai Santro Xing,2006,Petrol,Hyundai,37282,1011
841,Maruti Suzuki Wagon,2016,Petrol,Maruti,12427,4702
842,Maruti Suzuki Swift,2008,Diesel,Maruti,36040,2083
843,Maruti Suzuki Alto,2019,Petrol,Maruti,932,4761
844,Toyota Innova 2.5,2011,Diesel,Toyota,46603,8928
846,Maruti Suzuki Alto,2016,Petrol,Maruti,1522,2976
847,Maruti Suzuki Alto,2019,Petrol,Maruti,1010,5059
848,Maruti Suzuki Alto,2019,Petrol,Maruti,932,0
849,Volkswagen Polo Highline1.2L,2017,Petrol,Volkswagen,27962,6250
850,Mahindra Logan,2009,Diesel,Mahindra,40389,1547
851,Maruti Suzuki 800,2000,Petrol,Maruti,20754,357
852,Mahindra Scorpio,2011,Diesel,Mahindra,37359,5654
853,Chevrolet Sail 1.2,2013,Petrol,Chevrolet,17398,3571
854,Volkswagen Vento Highline,2015,Diesel,Volkswagen,24171,0
855,Hyundai Santro AE,2003,Petrol,Hyundai,43496,714
856,Maruti Suzuki Wagon,2006,Petrol,Maruti,4350,1190
857,Hyundai Eon,2018,Petrol,Hyundai,15534,3095
858,Tata Manza,2015,Diesel,Tata,62137,1190
859,Toyota Innova 2.0,2019,Petrol,Toyota,2485,0
860,Toyota Etios G,2013,Petrol,Toyota,26098,3154
861,Hyundai Getz Prime,2009,Petrol,Hyundai,12427,1369
862,Toyota Qualis,2003,Diesel,Toyota,62137,2142
863,Hyundai Santro Xing,2004,Petrol,Hyundai,85435,535
864,Tata Indica eV2,2016,Diesel,Tata,56669,601
865,Honda City 1.5,2009,Petrol,Honda,34175,3214
866,Tata Zest XE,2017,Diesel,Tata,74565,3452
867,Mahindra Quanto C4,2013,Diesel,Mahindra,39146,3869
868,Tata Indigo eCS,2016,Diesel,Tata,64623,1904
869,Maruti Suzuki Swift,2016,Diesel,Maruti,90720,4166
870,Hyundai Elite i20,2011,Petrol,Hyundai,24855,3452
871,Hyundai i20 Select,2011,Petrol,Hyundai,24855,3452
872,Chevrolet Tavera Neo,2007,Diesel,Chevrolet,62634,5535
873,Maruti Suzuki Dzire,2016,Diesel,Maruti,93206,3869
874,Hyundai Elite i20,2018,Petrol,Hyundai,1305,6071
875,Honda City VX,2016,Petrol,Honda,59030,10238
876,Maruti Suzuki Dzire,2016,Diesel,Maruti,1553,5357
877,Hyundai Getz,2006,Petrol,Hyundai,49710,1488
878,Mercedes Benz C,2006,Petrol,Mercedes,9321,5952
879,Maruti Suzuki Alto,2005,Petrol,Maruti,40389,1130
880,Maruti Suzuki Swift,2009,Diesel,Maruti,31690,2976
881,Skoda Fabia,2009,Petrol,Skoda,27962,1309
882,Maruti Suzuki Alto,2015,Petrol,Maruti,43496,0
883,Maruti Suzuki Ritz,2011,Petrol,Maruti,31069,3214
885,Tata Indica V2,2009,Diesel,Tata,18641,1309
886,Toyota Corolla Altis,2009,Petrol,Toyota,82021,3571
888,Tata Zest XM,2018,Diesel,Tata,16777,3095
889,Mahindra Quanto C8,2013,Diesel,Mahindra,24855,4642
890,Honda Amaze 1.2,2014,,Honda,0,2142
891,Chevrolet Sail 1.2,2014,,Chevrolet,0,1904
